category,archive,name,path,w,h
credit,FW_A.bin,stuff_credit_01,FW_A/stuff_credit_01.png,480,256
credit,FW_A.bin,stuff_credit_02,FW_A/stuff_credit_02.png,480,256
credit,FW_A.bin,stuff_credit_03,FW_A/stuff_credit_03.png,480,256
credit,FW_A.bin,stuff_credit_04,FW_A/stuff_credit_04.png,480,256
credit,FW_A.bin,stuff_credit_05,FW_A/stuff_credit_05.png,480,256
credit,FW_A.bin,stuff_credit_06,FW_A/stuff_credit_06.png,480,256
credit,FW_A.bin,stuff_credit_07,FW_A/stuff_credit_07.png,480,256
credit,FW_A.bin,stuff_credit_08,FW_A/stuff_credit_08.png,480,256
credit,FW_A.bin,stuff_credit_09,FW_A/stuff_credit_09.png,480,256
credit,FW_A.bin,stuff_credit_10,FW_A/stuff_credit_10.png,480,256
credit,FW_A.bin,stuff_credit_11,FW_A/stuff_credit_11.png,480,256
credit,FW_A.bin,stuff_credit_12,FW_A/stuff_credit_12.png,480,256
credit,FW_A.bin,stuff_credit_13,FW_A/stuff_credit_13.png,480,256
credit,FW_A.bin,stuff_credit_14,FW_A/stuff_credit_14.png,480,256
credit,FW_A.bin,stuff_credit_15,FW_A/stuff_credit_15.png,480,256
credit,FW_A.bin,stuff_credit_16,FW_A/stuff_credit_16.png,480,256
credit,FW_A.bin,stuff_credit_17,FW_A/stuff_credit_17.png,480,256
credit,FW_A.bin,stuff_credit_18,FW_A/stuff_credit_18.png,480,256
credit,FW_A.bin,stuff_credit_19,FW_A/stuff_credit_19.png,480,256
credit,FW_A.bin,stuff_credit_20,FW_A/stuff_credit_20.png,480,256
credit,FW_A.bin,stuff_credit_21,FW_A/stuff_credit_21.png,480,256
credit,FW_A.bin,stuff_credit_22,FW_A/stuff_credit_22.png,480,256
credit,FW_A.bin,stuff_credit_23,FW_A/stuff_credit_23.png,480,256
credit,FW_A.bin,stuff_credit_24,FW_A/stuff_credit_24.png,480,256
credit,FW_A.bin,stuff_credit_25,FW_A/stuff_credit_25.png,480,256
credit,FW_A.bin,stuff_credit_26,FW_A/stuff_credit_26.png,480,256
credit,FW_A.bin,stuff_credit_27,FW_A/stuff_credit_27.png,480,256
credit,FW_A.bin,stuff_credit_28,FW_A/stuff_credit_28.png,480,256
credit,FW_A.bin,stuff_credit_29,FW_A/stuff_credit_29.png,480,256
credit,FW_A.bin,stuff_credit_30,FW_A/stuff_credit_30.png,480,256
credit,FW_A.bin,stuff_credit_31,FW_A/stuff_credit_31.png,480,256
credit,FW_A.bin,stuff_credit_32,FW_A/stuff_credit_32.png,480,256
credit,KM_A.bin,stuff_credit_01,KM_A/stuff_credit_01.png,480,256
credit,KM_A.bin,stuff_credit_02,KM_A/stuff_credit_02.png,480,256
credit,KM_A.bin,stuff_credit_03,KM_A/stuff_credit_03.png,480,256
credit,KM_A.bin,stuff_credit_04,KM_A/stuff_credit_04.png,480,256
credit,KM_A.bin,stuff_credit_05,KM_A/stuff_credit_05.png,480,256
credit,KM_A.bin,stuff_credit_06,KM_A/stuff_credit_06.png,480,256
credit,KM_A.bin,stuff_credit_07,KM_A/stuff_credit_07.png,480,256
credit,KM_A.bin,stuff_credit_08,KM_A/stuff_credit_08.png,480,256
credit,KM_A.bin,stuff_credit_09,KM_A/stuff_credit_09.png,480,256
credit,KM_A.bin,stuff_credit_10,KM_A/stuff_credit_10.png,480,256
credit,KM_A.bin,stuff_credit_11,KM_A/stuff_credit_11.png,480,256
credit,KM_A.bin,stuff_credit_12,KM_A/stuff_credit_12.png,480,256
credit,KM_A.bin,stuff_credit_13,KM_A/stuff_credit_13.png,480,256
credit,KM_A.bin,stuff_credit_14,KM_A/stuff_credit_14.png,480,256
credit,KM_A.bin,stuff_credit_15,KM_A/stuff_credit_15.png,480,256
credit,KM_A.bin,stuff_credit_16,KM_A/stuff_credit_16.png,480,256
credit,KM_A.bin,stuff_credit_17,KM_A/stuff_credit_17.png,480,256
credit,KM_A.bin,stuff_credit_18,KM_A/stuff_credit_18.png,480,256
credit,KM_A.bin,stuff_credit_19,KM_A/stuff_credit_19.png,480,256
credit,KM_A.bin,stuff_credit_20,KM_A/stuff_credit_20.png,480,256
credit,KM_A.bin,stuff_credit_21,KM_A/stuff_credit_21.png,480,256
credit,KM_A.bin,stuff_credit_22,KM_A/stuff_credit_22.png,480,256
credit,KM_A.bin,stuff_credit_23,KM_A/stuff_credit_23.png,480,256
credit,KM_A.bin,stuff_credit_24,KM_A/stuff_credit_24.png,480,256
credit,KM_A.bin,stuff_credit_25,KM_A/stuff_credit_25.png,480,256
credit,KM_A.bin,stuff_credit_26,KM_A/stuff_credit_26.png,480,256
credit,KM_A.bin,stuff_credit_27,KM_A/stuff_credit_27.png,480,256
credit,KM_A.bin,stuff_credit_28,KM_A/stuff_credit_28.png,480,256
credit,KM_A.bin,stuff_credit_29,KM_A/stuff_credit_29.png,480,256
credit,KM_A.bin,stuff_credit_30,KM_A/stuff_credit_30.png,480,256
credit,KM_A.bin,stuff_credit_31,KM_A/stuff_credit_31.png,480,256
credit,KM_A.bin,stuff_credit_32,KM_A/stuff_credit_32.png,480,256
credit,NF_A.bin,stuff_credit_01,NF_A/stuff_credit_01.png,480,256
credit,NF_A.bin,stuff_credit_02,NF_A/stuff_credit_02.png,480,256
credit,NF_A.bin,stuff_credit_03,NF_A/stuff_credit_03.png,480,256
credit,NF_A.bin,stuff_credit_04,NF_A/stuff_credit_04.png,480,256
credit,NF_A.bin,stuff_credit_05,NF_A/stuff_credit_05.png,480,256
credit,NF_A.bin,stuff_credit_06,NF_A/stuff_credit_06.png,480,256
credit,NF_A.bin,stuff_credit_07,NF_A/stuff_credit_07.png,480,256
credit,NF_A.bin,stuff_credit_08,NF_A/stuff_credit_08.png,480,256
credit,NF_A.bin,stuff_credit_09,NF_A/stuff_credit_09.png,480,256
credit,NF_A.bin,stuff_credit_10,NF_A/stuff_credit_10.png,480,256
credit,NF_A.bin,stuff_credit_11,NF_A/stuff_credit_11.png,480,256
credit,NF_A.bin,stuff_credit_12,NF_A/stuff_credit_12.png,480,256
credit,NF_A.bin,stuff_credit_13,NF_A/stuff_credit_13.png,480,256
credit,NF_A.bin,stuff_credit_14,NF_A/stuff_credit_14.png,480,256
credit,NF_A.bin,stuff_credit_15,NF_A/stuff_credit_15.png,480,256
credit,NF_A.bin,stuff_credit_16,NF_A/stuff_credit_16.png,480,256
credit,NF_A.bin,stuff_credit_17,NF_A/stuff_credit_17.png,480,256
credit,NF_A.bin,stuff_credit_18,NF_A/stuff_credit_18.png,480,256
credit,NF_A.bin,stuff_credit_19,NF_A/stuff_credit_19.png,480,256
credit,NF_A.bin,stuff_credit_20,NF_A/stuff_credit_20.png,480,256
credit,NF_A.bin,stuff_credit_21,NF_A/stuff_credit_21.png,480,256
credit,NF_A.bin,stuff_credit_22,NF_A/stuff_credit_22.png,480,256
credit,NF_A.bin,stuff_credit_23,NF_A/stuff_credit_23.png,480,256
credit,NF_A.bin,stuff_credit_24,NF_A/stuff_credit_24.png,480,256
credit,NF_A.bin,stuff_credit_25,NF_A/stuff_credit_25.png,480,256
credit,NF_A.bin,stuff_credit_26,NF_A/stuff_credit_26.png,480,256
credit,NF_A.bin,stuff_credit_27,NF_A/stuff_credit_27.png,480,256
credit,NF_A.bin,stuff_credit_28,NF_A/stuff_credit_28.png,480,256
credit,NF_A.bin,stuff_credit_29,NF_A/stuff_credit_29.png,480,256
credit,NF_A.bin,stuff_credit_30,NF_A/stuff_credit_30.png,480,256
credit,NF_A.bin,stuff_credit_31,NF_A/stuff_credit_31.png,480,256
credit,NF_A.bin,stuff_credit_32,NF_A/stuff_credit_32.png,480,256
credit,SI_A.bin,stuff_credit_01,SI_A/stuff_credit_01.png,480,256
credit,SI_A.bin,stuff_credit_02,SI_A/stuff_credit_02.png,480,256
credit,SI_A.bin,stuff_credit_03,SI_A/stuff_credit_03.png,480,256
credit,SI_A.bin,stuff_credit_04,SI_A/stuff_credit_04.png,480,256
credit,SI_A.bin,stuff_credit_05,SI_A/stuff_credit_05.png,480,256
credit,SI_A.bin,stuff_credit_06,SI_A/stuff_credit_06.png,480,256
credit,SI_A.bin,stuff_credit_07,SI_A/stuff_credit_07.png,480,256
credit,SI_A.bin,stuff_credit_08,SI_A/stuff_credit_08.png,480,256
credit,SI_A.bin,stuff_credit_09,SI_A/stuff_credit_09.png,480,256
credit,SI_A.bin,stuff_credit_10,SI_A/stuff_credit_10.png,480,256
credit,SI_A.bin,stuff_credit_11,SI_A/stuff_credit_11.png,480,256
credit,SI_A.bin,stuff_credit_12,SI_A/stuff_credit_12.png,480,256
credit,SI_A.bin,stuff_credit_13,SI_A/stuff_credit_13.png,480,256
credit,SI_A.bin,stuff_credit_14,SI_A/stuff_credit_14.png,480,256
credit,SI_A.bin,stuff_credit_15,SI_A/stuff_credit_15.png,480,256
credit,SI_A.bin,stuff_credit_16,SI_A/stuff_credit_16.png,480,256
credit,SI_A.bin,stuff_credit_17,SI_A/stuff_credit_17.png,480,256
credit,SI_A.bin,stuff_credit_18,SI_A/stuff_credit_18.png,480,256
credit,SI_A.bin,stuff_credit_19,SI_A/stuff_credit_19.png,480,256
credit,SI_A.bin,stuff_credit_20,SI_A/stuff_credit_20.png,480,256
credit,SI_A.bin,stuff_credit_21,SI_A/stuff_credit_21.png,480,256
credit,SI_A.bin,stuff_credit_22,SI_A/stuff_credit_22.png,480,256
credit,SI_A.bin,stuff_credit_23,SI_A/stuff_credit_23.png,480,256
credit,SI_A.bin,stuff_credit_24,SI_A/stuff_credit_24.png,480,256
credit,SI_A.bin,stuff_credit_25,SI_A/stuff_credit_25.png,480,256
credit,SI_A.bin,stuff_credit_26,SI_A/stuff_credit_26.png,480,256
credit,SI_A.bin,stuff_credit_27,SI_A/stuff_credit_27.png,480,256
credit,SI_A.bin,stuff_credit_28,SI_A/stuff_credit_28.png,480,256
credit,SI_A.bin,stuff_credit_29,SI_A/stuff_credit_29.png,480,256
credit,SI_A.bin,stuff_credit_30,SI_A/stuff_credit_30.png,480,256
credit,SI_A.bin,stuff_credit_31,SI_A/stuff_credit_31.png,480,256
credit,SI_A.bin,stuff_credit_32,SI_A/stuff_credit_32.png,480,256
ui_text,BH.bin,BH_bg_title,BH/BH_bg_title.png,480,272
ui_text,BH.bin,adv_hint_bg_kaoru,BH/adv_hint_bg_kaoru.png,280,124
ui_text,BH.bin,adv_hint_bg_marun,BH/adv_hint_bg_marun.png,280,124
ui_text,BH.bin,kaoru_result_bad,BH/kaoru_result_bad.png,272,128
ui_text,BH.bin,kaoru_result_good,BH/kaoru_result_good.png,272,128
ui_text,BH.bin,marunouchi_result_bad,BH/marunouchi_result_bad.png,272,128
ui_text,BH.bin,marunouchi_result_good,BH/marunouchi_result_good.png,272,128
ui_text,BH.bin,ol_title_000,BH/ol_title_000.png,480,272
ui_text,BH.bin,silver_hira_mekuri,BH/silver_hira_mekuri.png,128,228
ui_text,BH.bin,silver_hira_mekuri_title_05,BH/silver_hira_mekuri_title_05.png,38,154
ui_text,BJ.bin,BJ_bg_title,BJ/BJ_bg_title.png,480,272
ui_text,FW.bin,FW_bg_title,FW/FW_bg_title.png,480,272
ui_text,FW.bin,adv_hint_bg_marun,FW/adv_hint_bg_marun.png,280,124
ui_text,FW.bin,adv_hint_bg_tukasa,FW/adv_hint_bg_tukasa.png,280,124
ui_text,FW.bin,marunouchi_result_bad,FW/marunouchi_result_bad.png,272,128
ui_text,FW.bin,marunouchi_result_good,FW/marunouchi_result_good.png,272,128
ui_text,FW.bin,ol_title_000,FW/ol_title_000.png,480,272
ui_text,FW.bin,silver_hira_mekuri,FW/silver_hira_mekuri.png,128,228
ui_text,FW.bin,silver_hira_mekuri_title_02,FW/silver_hira_mekuri_title_02.png,38,154
ui_text,FW.bin,tukasa_result_bad,FW/tukasa_result_bad.png,272,128
ui_text,FW.bin,tukasa_result_good,FW/tukasa_result_good.png,272,128
ui_text,FW_A.bin,FW_bg_title_foranswer,FW_A/FW_bg_title_foranswer.png,480,272
ui_text,FW_A.bin,FW_bg_title_forend,FW_A/FW_bg_title_forend.png,480,272
ui_text,FW_A.bin,inspect_caption_FW_a_01,FW_A/inspect_caption_FW_a_01.png,226,18
ui_text,FW_A.bin,inspect_caption_FW_a_02,FW_A/inspect_caption_FW_a_02.png,226,18
ui_text,FW_A.bin,inspect_caption_FW_a_03,FW_A/inspect_caption_FW_a_03.png,226,18
ui_text,FW_A.bin,inspect_caption_FW_a_04,FW_A/inspect_caption_FW_a_04.png,226,18
ui_text,FW_A.bin,inspect_caption_FW_b_01,FW_A/inspect_caption_FW_b_01.png,226,18
ui_text,FW_A.bin,inspect_caption_FW_b_02,FW_A/inspect_caption_FW_b_02.png,226,18
ui_text,FW_A.bin,inspect_caption_FW_b_03,FW_A/inspect_caption_FW_b_03.png,226,18
ui_text,FW_A.bin,inspect_caption_base,FW_A/inspect_caption_base.png,296,18
ui_text,FW_A.bin,inspect_title_FW_a_01,FW_A/inspect_title_FW_a_01.png,384,32
ui_text,FW_A.bin,inspect_title_FW_a_02,FW_A/inspect_title_FW_a_02.png,384,32
ui_text,FW_A.bin,inspect_title_FW_a_03,FW_A/inspect_title_FW_a_03.png,384,32
ui_text,FW_A.bin,inspect_title_FW_a_04,FW_A/inspect_title_FW_a_04.png,384,32
ui_text,FW_A.bin,inspect_title_FW_b_01,FW_A/inspect_title_FW_b_01.png,384,32
ui_text,FW_A.bin,inspect_title_FW_b_02,FW_A/inspect_title_FW_b_02.png,384,32
ui_text,FW_A.bin,inspect_title_FW_b_03,FW_A/inspect_title_FW_b_03.png,384,32
ui_text,FW_A.bin,inspect_title_base,FW_A/inspect_title_base.png,480,115
ui_text,KM.bin,KM_bg_title,KM/KM_bg_title.png,480,272
ui_text,KM.bin,adv_hint_bg_marun,KM/adv_hint_bg_marun.png,280,124
ui_text,KM.bin,adv_hint_bg_tukasa,KM/adv_hint_bg_tukasa.png,280,124
ui_text,KM.bin,marunouchi_result_bad,KM/marunouchi_result_bad.png,272,128
ui_text,KM.bin,marunouchi_result_good,KM/marunouchi_result_good.png,272,128
ui_text,KM.bin,ol_title_000,KM/ol_title_000.png,480,272
ui_text,KM.bin,silver_hira_mekuri,KM/silver_hira_mekuri.png,128,228
ui_text,KM.bin,silver_hira_mekuri_title_03,KM/silver_hira_mekuri_title_03.png,38,154
ui_text,KM.bin,tukasa_result_bad,KM/tukasa_result_bad.png,272,128
ui_text,KM.bin,tukasa_result_good,KM/tukasa_result_good.png,272,128
ui_text,KM_A.bin,KM_bg_title_foranswer,KM_A/KM_bg_title_foranswer.png,480,272
ui_text,KM_A.bin,KM_bg_title_forend,KM_A/KM_bg_title_forend.png,480,272
ui_text,KM_A.bin,inspect_caption_KM_a_01,KM_A/inspect_caption_KM_a_01.png,226,18
ui_text,KM_A.bin,inspect_caption_KM_a_02,KM_A/inspect_caption_KM_a_02.png,226,18
ui_text,KM_A.bin,inspect_caption_KM_a_03,KM_A/inspect_caption_KM_a_03.png,226,18
ui_text,KM_A.bin,inspect_caption_KM_a_04,KM_A/inspect_caption_KM_a_04.png,226,18
ui_text,KM_A.bin,inspect_caption_KM_a_05,KM_A/inspect_caption_KM_a_05.png,226,18
ui_text,KM_A.bin,inspect_caption_KM_a_06,KM_A/inspect_caption_KM_a_06.png,226,18
ui_text,KM_A.bin,inspect_caption_KM_b_01,KM_A/inspect_caption_KM_b_01.png,226,18
ui_text,KM_A.bin,inspect_caption_KM_b_02,KM_A/inspect_caption_KM_b_02.png,226,18
ui_text,KM_A.bin,inspect_caption_KM_b_03,KM_A/inspect_caption_KM_b_03.png,226,18
ui_text,KM_A.bin,inspect_caption_KM_b_04,KM_A/inspect_caption_KM_b_04.png,226,18
ui_text,KM_A.bin,inspect_caption_KM_b_05,KM_A/inspect_caption_KM_b_05.png,226,18
ui_text,KM_A.bin,inspect_caption_KM_b_06,KM_A/inspect_caption_KM_b_06.png,226,18
ui_text,KM_A.bin,inspect_caption_base,KM_A/inspect_caption_base.png,296,18
ui_text,KM_A.bin,inspect_title_KM_a_01,KM_A/inspect_title_KM_a_01.png,384,32
ui_text,KM_A.bin,inspect_title_KM_a_02,KM_A/inspect_title_KM_a_02.png,384,32
ui_text,KM_A.bin,inspect_title_KM_a_03,KM_A/inspect_title_KM_a_03.png,384,32
ui_text,KM_A.bin,inspect_title_KM_a_04,KM_A/inspect_title_KM_a_04.png,384,32
ui_text,KM_A.bin,inspect_title_KM_a_05,KM_A/inspect_title_KM_a_05.png,384,32
ui_text,KM_A.bin,inspect_title_KM_a_06,KM_A/inspect_title_KM_a_06.png,384,32
ui_text,KM_A.bin,inspect_title_KM_a_07,KM_A/inspect_title_KM_a_07.png,384,32
ui_text,KM_A.bin,inspect_title_KM_b_01,KM_A/inspect_title_KM_b_01.png,384,32
ui_text,KM_A.bin,inspect_title_KM_b_02,KM_A/inspect_title_KM_b_02.png,384,32
ui_text,KM_A.bin,inspect_title_KM_b_03,KM_A/inspect_title_KM_b_03.png,384,32
ui_text,KM_A.bin,inspect_title_KM_b_04,KM_A/inspect_title_KM_b_04.png,384,32
ui_text,KM_A.bin,inspect_title_KM_b_05,KM_A/inspect_title_KM_b_05.png,384,32
ui_text,KM_A.bin,inspect_title_KM_b_06,KM_A/inspect_title_KM_b_06.png,384,32
ui_text,KM_A.bin,inspect_title_base,KM_A/inspect_title_base.png,480,115
ui_text,NF.bin,NF_bg_title,NF/NF_bg_title.png,480,272
ui_text,NF.bin,adv_hint_bg_marun,NF/adv_hint_bg_marun.png,280,124
ui_text,NF.bin,adv_hint_bg_tukasa,NF/adv_hint_bg_tukasa.png,280,124
ui_text,NF.bin,marunouchi_result_bad,NF/marunouchi_result_bad.png,272,128
ui_text,NF.bin,marunouchi_result_good,NF/marunouchi_result_good.png,272,128
ui_text,NF.bin,silver_hira_mekuri,NF/silver_hira_mekuri.png,128,228
ui_text,NF.bin,silver_hira_mekuri_title_01,NF/silver_hira_mekuri_title_01.png,38,154
ui_text,NF.bin,tukasa_result_bad,NF/tukasa_result_bad.png,272,128
ui_text,NF.bin,tukasa_result_good,NF/tukasa_result_good.png,272,128
ui_text,NF_A.bin,NF_bg_title_foranswer,NF_A/NF_bg_title_foranswer.png,480,272
ui_text,NF_A.bin,NF_bg_title_forend,NF_A/NF_bg_title_forend.png,480,272
ui_text,NF_A.bin,inspect_caption_NF_a_01,NF_A/inspect_caption_NF_a_01.png,226,18
ui_text,NF_A.bin,inspect_caption_NF_a_02,NF_A/inspect_caption_NF_a_02.png,226,18
ui_text,NF_A.bin,inspect_caption_NF_a_03,NF_A/inspect_caption_NF_a_03.png,226,18
ui_text,NF_A.bin,inspect_caption_NF_a_04,NF_A/inspect_caption_NF_a_04.png,226,18
ui_text,NF_A.bin,inspect_caption_NF_a_05,NF_A/inspect_caption_NF_a_05.png,226,18
ui_text,NF_A.bin,inspect_caption_NF_b_01,NF_A/inspect_caption_NF_b_01.png,226,18
ui_text,NF_A.bin,inspect_caption_NF_b_02,NF_A/inspect_caption_NF_b_02.png,226,18
ui_text,NF_A.bin,inspect_caption_NF_b_03,NF_A/inspect_caption_NF_b_03.png,226,18
ui_text,NF_A.bin,inspect_caption_base,NF_A/inspect_caption_base.png,296,18
ui_text,NF_A.bin,inspect_title_NF_a_01,NF_A/inspect_title_NF_a_01.png,384,32
ui_text,NF_A.bin,inspect_title_NF_a_02,NF_A/inspect_title_NF_a_02.png,384,32
ui_text,NF_A.bin,inspect_title_NF_a_03,NF_A/inspect_title_NF_a_03.png,384,32
ui_text,NF_A.bin,inspect_title_NF_a_04,NF_A/inspect_title_NF_a_04.png,384,32
ui_text,NF_A.bin,inspect_title_NF_a_05,NF_A/inspect_title_NF_a_05.png,384,32
ui_text,NF_A.bin,inspect_title_NF_b_01,NF_A/inspect_title_NF_b_01.png,384,32
ui_text,NF_A.bin,inspect_title_NF_b_02,NF_A/inspect_title_NF_b_02.png,384,32
ui_text,NF_A.bin,inspect_title_NF_b_03,NF_A/inspect_title_NF_b_03.png,384,32
ui_text,NF_A.bin,inspect_title_base,NF_A/inspect_title_base.png,480,115
ui_text,SI.bin,SI_bg_title,SI/SI_bg_title.png,480,272
ui_text,SI.bin,adv_hint_bg_marun,SI/adv_hint_bg_marun.png,280,124
ui_text,SI.bin,adv_hint_bg_tukasa,SI/adv_hint_bg_tukasa.png,280,124
ui_text,SI.bin,marunouchi_result_bad,SI/marunouchi_result_bad.png,272,128
ui_text,SI.bin,marunouchi_result_good,SI/marunouchi_result_good.png,272,128
ui_text,SI.bin,ol_title_000,SI/ol_title_000.png,480,272
ui_text,SI.bin,silver_hira_mekuri,SI/silver_hira_mekuri.png,128,228
ui_text,SI.bin,silver_hira_mekuri_title_04,SI/silver_hira_mekuri_title_04.png,38,154
ui_text,SI.bin,tukasa_result_bad,SI/tukasa_result_bad.png,272,128
ui_text,SI.bin,tukasa_result_good,SI/tukasa_result_good.png,272,128
ui_text,SI_A.bin,SI_bg_title_foranswer,SI_A/SI_bg_title_foranswer.png,480,272
ui_text,SI_A.bin,SI_bg_title_forend,SI_A/SI_bg_title_forend.png,480,272
ui_text,SI_A.bin,inspect_caption_SI_a_01,SI_A/inspect_caption_SI_a_01.png,226,18
ui_text,SI_A.bin,inspect_caption_SI_a_02,SI_A/inspect_caption_SI_a_02.png,226,18
ui_text,SI_A.bin,inspect_caption_SI_a_03,SI_A/inspect_caption_SI_a_03.png,226,18
ui_text,SI_A.bin,inspect_caption_SI_a_04,SI_A/inspect_caption_SI_a_04.png,226,18
ui_text,SI_A.bin,inspect_caption_SI_a_05,SI_A/inspect_caption_SI_a_05.png,226,18
ui_text,SI_A.bin,inspect_caption_SI_b_01,SI_A/inspect_caption_SI_b_01.png,226,18
ui_text,SI_A.bin,inspect_caption_SI_b_02,SI_A/inspect_caption_SI_b_02.png,226,18
ui_text,SI_A.bin,inspect_caption_SI_b_03,SI_A/inspect_caption_SI_b_03.png,226,18
ui_text,SI_A.bin,inspect_caption_SI_b_04,SI_A/inspect_caption_SI_b_04.png,226,18
ui_text,SI_A.bin,inspect_caption_base,SI_A/inspect_caption_base.png,296,18
ui_text,SI_A.bin,inspect_title_SI_a_01,SI_A/inspect_title_SI_a_01.png,384,32
ui_text,SI_A.bin,inspect_title_SI_a_02,SI_A/inspect_title_SI_a_02.png,384,32
ui_text,SI_A.bin,inspect_title_SI_a_03,SI_A/inspect_title_SI_a_03.png,384,32
ui_text,SI_A.bin,inspect_title_SI_a_04,SI_A/inspect_title_SI_a_04.png,384,32
ui_text,SI_A.bin,inspect_title_SI_a_05,SI_A/inspect_title_SI_a_05.png,384,32
ui_text,SI_A.bin,inspect_title_SI_a_06,SI_A/inspect_title_SI_a_06.png,384,32
ui_text,SI_A.bin,inspect_title_SI_b_01,SI_A/inspect_title_SI_b_01.png,384,32
ui_text,SI_A.bin,inspect_title_SI_b_02,SI_A/inspect_title_SI_b_02.png,384,32
ui_text,SI_A.bin,inspect_title_SI_b_03,SI_A/inspect_title_SI_b_03.png,384,32
ui_text,SI_A.bin,inspect_title_SI_b_04,SI_A/inspect_title_SI_b_04.png,384,32
ui_text,SI_A.bin,inspect_title_base,SI_A/inspect_title_base.png,480,115
ui_text,TU.bin,TU_bg_title,TU/TU_bg_title.png,480,272
ui_text,TU.bin,introduction_note,TU/introduction_note.png,480,272
ui_text,TU.bin,tutorial_figure_01,TU/tutorial_figure_01.png,480,256
ui_text,TU.bin,tutorial_figure_02,TU/tutorial_figure_02.png,480,256
ui_text,TU.bin,tutorial_figure_03,TU/tutorial_figure_03.png,480,256
ui_text,TU.bin,tutorial_figure_04,TU/tutorial_figure_04.png,480,256
ui_text,TU_A.bin,TU_bg_title_foranswer,TU_A/TU_bg_title_foranswer.png,480,272
ui_text,TU_A.bin,TU_bg_title_forend,TU_A/TU_bg_title_forend.png,480,272
ui_text,common.bin,answer_score0,common/answer_score0.png,512,512
ui_text,common.bin,common0,common/common0.png,512,512
ui_text,common.bin,common_scenario0,common/common_scenario0.png,512,512
ui_text,common.bin,common_scenario1,common/common_scenario1.png,512,512
ui_text,common.bin,common_scenario2,common/common_scenario2.png,512,512
ui_text,common.bin,common_scenario3,common/common_scenario3.png,512,512
ui_text,common.bin,common_scenario4,common/common_scenario4.png,512,512
ui_text,common.bin,common_scenario5,common/common_scenario5.png,512,512
ui_text,common.bin,detective_chosho_AA0,common/detective_chosho_AA0.png,256,512
ui_text,common.bin,detective_chosho_BH0,common/detective_chosho_BH0.png,128,512
ui_text,common.bin,detective_chosho_BM0,common/detective_chosho_BM0.png,256,512
ui_text,common.bin,detective_chosho_FW0,common/detective_chosho_FW0.png,256,256
ui_text,common.bin,detective_chosho_KM0,common/detective_chosho_KM0.png,256,512
ui_text,common.bin,detective_chosho_MH0,common/detective_chosho_MH0.png,256,512
ui_text,common.bin,detective_chosho_NF0,common/detective_chosho_NF0.png,128,512
ui_text,common.bin,detective_chosho_RM0,common/detective_chosho_RM0.png,256,512
ui_text,common.bin,detective_chosho_SI0,common/detective_chosho_SI0.png,256,512
ui_text,common.bin,detective_chosho_TA0,common/detective_chosho_TA0.png,128,512
ui_text,common.bin,detective_chosho_TU0,common/detective_chosho_TU0.png,64,512
ui_text,common.bin,detective_mode0,common/detective_mode0.png,512,512
ui_text,common.bin,detective_mode1,common/detective_mode1.png,512,512
ui_text,common.bin,detective_mode2,common/detective_mode2.png,512,512
ui_text,common.bin,detective_mode3,common/detective_mode3.png,512,512
ui_text,common.bin,detective_mode4,common/detective_mode4.png,512,512
ui_text,common.bin,detective_mode5,common/detective_mode5.png,256,256
ui_text,common.bin,eula0,common/eula0.png,512,512
ui_text,common.bin,file_figure_AA0,common/file_figure_AA0.png,512,256
ui_text,common.bin,file_figure_BH0,common/file_figure_BH0.png,512,256
ui_text,common.bin,file_figure_BM0,common/file_figure_BM0.png,512,512
ui_text,common.bin,file_figure_BM1,common/file_figure_BM1.png,512,256
ui_text,common.bin,file_figure_FW0,common/file_figure_FW0.png,512,256
ui_text,common.bin,file_figure_KM0,common/file_figure_KM0.png,512,512
ui_text,common.bin,file_figure_KM1,common/file_figure_KM1.png,512,256
ui_text,common.bin,file_figure_MH0,common/file_figure_MH0.png,512,512
ui_text,common.bin,file_figure_NF0,common/file_figure_NF0.png,512,512
ui_text,common.bin,file_figure_RM0,common/file_figure_RM0.png,512,512
ui_text,common.bin,file_figure_SI0,common/file_figure_SI0.png,512,256
ui_text,common.bin,file_figure_TA0,common/file_figure_TA0.png,512,256
ui_text,common.bin,file_figure_TU0,common/file_figure_TU0.png,512,256
ui_text,common.bin,file_hint0,common/file_hint0.png,512,256
ui_text,common.bin,file_profile0,common/file_profile0.png,512,256
ui_text,common.bin,file_profile_AA0,common/file_profile_AA0.png,512,512
ui_text,common.bin,file_profile_AA1,common/file_profile_AA1.png,256,512
ui_text,common.bin,file_profile_BH0,common/file_profile_BH0.png,512,512
ui_text,common.bin,file_profile_BH1,common/file_profile_BH1.png,128,128
ui_text,common.bin,file_profile_BM0,common/file_profile_BM0.png,512,512
ui_text,common.bin,file_profile_BM1,common/file_profile_BM1.png,256,512
ui_text,common.bin,file_profile_FW0,common/file_profile_FW0.png,512,512
ui_text,common.bin,file_profile_FW1,common/file_profile_FW1.png,128,256
ui_text,common.bin,file_profile_KM0,common/file_profile_KM0.png,512,512
ui_text,common.bin,file_profile_KM1,common/file_profile_KM1.png,256,512
ui_text,common.bin,file_profile_MH0,common/file_profile_MH0.png,512,512
ui_text,common.bin,file_profile_MH1,common/file_profile_MH1.png,256,512
ui_text,common.bin,file_profile_NF0,common/file_profile_NF0.png,512,512
ui_text,common.bin,file_profile_RM0,common/file_profile_RM0.png,512,512
ui_text,common.bin,file_profile_RM1,common/file_profile_RM1.png,256,512
ui_text,common.bin,file_profile_SI0,common/file_profile_SI0.png,512,512
ui_text,common.bin,file_profile_SI1,common/file_profile_SI1.png,256,512
ui_text,common.bin,file_profile_TA0,common/file_profile_TA0.png,512,512
ui_text,common.bin,file_profile_TA1,common/file_profile_TA1.png,256,512
ui_text,common.bin,file_profile_TU0,common/file_profile_TU0.png,512,512
ui_text,common.bin,file_progress0,common/file_progress0.png,512,512
ui_text,common.bin,game_title0,common/game_title0.png,512,512
ui_text,common.bin,ondoku_mode0,common/ondoku_mode0.png,512,512
ui_text,common.bin,op_seq0,common/op_seq0.png,512,512
ui_text,common.bin,op_seq1,common/op_seq1.png,512,512
ui_text,common.bin,op_seq2,common/op_seq2.png,512,512
ui_text,common.bin,op_seq3,common/op_seq3.png,512,512
ui_text,common.bin,scenario_menu0,common/scenario_menu0.png,512,512
ui_text,common.bin,scenario_menu1,common/scenario_menu1.png,512,512
ui_text,common.bin,scenario_menu2,common/scenario_menu2.png,512,512
ui_text,common.bin,scenario_menu3,common/scenario_menu3.png,512,512
ui_text,common.bin,system_help0,common/system_help0.png,512,256
ui_text,common.bin,system_help_develop0,common/system_help_develop0.png,512,512
ui_text,common.bin,system_help_develop1,common/system_help_develop1.png,512,512
ui_text,common.bin,system_help_develop2,common/system_help_develop2.png,512,256
ui_text,common.bin,system_help_knack0,common/system_help_knack0.png,512,512
ui_text,common.bin,system_help_knack1,common/system_help_knack1.png,512,512
ui_text,common.bin,system_help_knack2,common/system_help_knack2.png,512,512
ui_text,common.bin,system_help_knack3,common/system_help_knack3.png,512,256
ui_text,common.bin,system_help_operation0,common/system_help_operation0.png,512,512
ui_text,common.bin,system_help_operation1,common/system_help_operation1.png,512,512
ui_text,common.bin,system_help_operation2,common/system_help_operation2.png,512,512
